stand_id,h_max,h_mean,h_std,h_p25,h_p50,h_p75,h_p95,cover_fraction,n_veg_pts
BK_SPRUCE1,48.63128662109375,25.40041732788086,9.069122314453125,19.13726806640625,26.31524658203125,32.38653564453125,38.72832107543945,0.9964472615717765,181706
BK_SPRUCE2,42.85601806640625,21.328332901000977,8.428189277648926,15.4210205078125,21.196044921875,27.89801025390625,34.67901611328125,0.9796088313456288,238731
BK_SPRUCE3,55.47320556640625,17.398529052734375,10.225698471069336,9.15618896484375,16.26318359375,23.71917724609375,35.6215934753418,0.9737913000044073,112366
BK_SPRUCE4,53.39959716796875,32.48516082763672,9.177814483642578,27.57061767578125,33.56561279296875,38.78759765625,45.59759521484375,0.9957168083960575,155224
BK_SPRUCE5,57.26300048828125,30.63732147216797,12.653019905090332,22.81500244140625,33.24700927734375,40.18946838378906,47.5880126953125,0.9811359990493732,65423
BK_SPRUCE6,41.4437255859375,18.65126609802246,8.856010437011719,12.0377197265625,18.59771728515625,25.802734375,32.60272216796875,0.9695360756998291,160411
BK_SPRUCE7,43.14141845703125,17.43462562561035,7.685410022735596,11.8294677734375,16.4034423828125,22.47344970703125,31.84756851196289,0.9969165527525786,248174
HY_BIRCH1,29.8179931640625,15.034989356994629,6.260903835296631,9.754989624023438,15.746994018554688,20.41400146484375,23.972000122070312,0.9926068040232332,1014413
HY_BIRCH2,34.220001220703125,17.462717056274414,6.88958215713501,13.347991943359375,18.699996948242188,22.61700439453125,26.873001098632812,0.9385695353865116,833150
HY_BIRCH3,27.511001586914062,14.571362495422363,6.292830944061279,10.32000732421875,15.985000610351562,19.511001586914062,22.86700439453125,0.9372466432983747,1123847
HY_BIRCH4,23.69000244140625,12.446931838989258,4.32438850402832,9.6719970703125,13.239990234375,15.656997680664062,18.430999755859375,0.9811565227841325,1016055
HY_MIXED1,49.94599914550781,24.225576400756836,10.00743293762207,16.224990844726562,24.149002075195312,32.45500183105469,39.85499572753906,0.9867712218840997,999145
HY_MIXED2,25.60400390625,11.408587455749512,4.984050750732422,8.046005249023438,12.092010498046875,15.125,18.672012329101562,0.9429911961621593,1150608
HY_PINE1,27.141998291015625,14.692967414855957,5.83382511138916,12.261001586914062,16.33099365234375,18.802993774414062,21.781005859375,0.9455650471762197,563109
HY_PINE10,18.578994750976562,6.23694372177124,3.221229314804077,3.964996337890625,5.7249908447265625,7.9759979248046875,12.6669921875,0.411009914363164,291262
HY_PINE11,14.845001220703125,4.738763809204102,2.3386316299438477,3.0030059814453125,4.4730072021484375,6.138252258300781,9.136052131652832,0.2298967283232657,159334
HY_PINE12,21.729995727539062,10.611638069152832,4.145222187042236,8.657989501953125,11.412994384765625,13.451995849609375,16.162994384765625,0.5249157854472317,321398
HY_PINE13,17.46099853515625,7.0789337158203125,2.9829952716827393,5.0370025634765625,7.20001220703125,9.207000732421875,11.852005004882812,0.5668602012915237,429328
HY_PINE2,28.542999267578125,13.362445831298828,4.933415412902832,9.833999633789062,14.06201171875,17.105010986328125,20.482009887695312,0.9757812761441268,823498
HY_PINE3,28.711990356445312,16.03774070739746,6.692542552947998,12.641998291015625,18.399993896484375,20.853988647460938,23.573989868164062,0.9736442463136237,1067179
HY_PINE4,26.546005249023438,12.860414505004883,4.800297737121582,9.126007080078125,13.320999145507812,16.722000122070312,19.819000244140625,0.9866372557620725,847501
HY_PINE5,28.229995727539062,12.610934257507324,7.296350955963135,5.0019989013671875,14.602996826171875,18.554000854492188,22.468002319335938,0.6910413284230257,588768
HY_PINE6,30.720001220703125,16.980131149291992,6.318047046661377,15.244003295898438,18.602005004882812,21.128997802734375,24.395004272460938,0.8870092928073817,562088
HY_PINE7,22.800994873046875,5.098462104797363,4.293177127838135,2.298004150390625,3.5370025634765625,6.3280029296875,14.753997802734375,0.43639246295505824,280256
HY_PINE8,31.498001098632812,15.100950241088867,6.220293045043945,10.021011352539062,16.035003662109375,20.0469970703125,24.04901123046875,0.9576438635443285,793808
HY_PINE9,28.643997192382812,14.858351707458496,6.874979496002197,10.563507080078125,17.175003051757812,19.995010375976562,22.951004028320312,0.8322426245260187,584977
HY_SPRUCE1,33.66899108886719,16.13037872314453,6.675023078918457,12.183990478515625,17.267990112304688,20.993988037109375,25.511001586914062,0.9541405712756089,732607
HY_SPRUCE2,45.10400390625,20.5833740234375,10.279302597045898,11.639999389648438,22.527999877929688,29.113998413085938,34.72900390625,0.9634736572109687,1125161
HY_SPRUCE3,31.15399169921875,15.384108543395996,5.7764434814453125,12.190994262695312,16.31298828125,19.574996948242188,23.40399169921875,0.9568334849268098,996208
HY_SPRUCE4,30.132003784179688,15.016408920288086,5.941144943237305,12.07000732421875,15.990997314453125,19.222000122070312,23.082000732421875,0.8957114706587308,1066856
HY_SPRUCE5,34.54399108886719,17.17909049987793,6.532697677612305,13.268997192382812,18.0679931640625,22.021987915039062,26.4849853515625,0.957638960558152,1030310
HY_SPRUCE6,30.969009399414062,14.669196128845215,6.510237216949463,11.264999389648438,15.764007568359375,19.385009765625,23.544998168945312,0.885096489430787,1156748
HY_SPRUCE7,43.44834899902344,24.77499771118164,8.608479499816895,20.092361450195312,26.530349731445312,31.021347045898438,36.098358154296875,0.976279178590069,633421
HY_SPRUCE8,32.1409912109375,12.977448463439941,6.661283016204834,8.468994140625,14.179000854492188,18.083999633789062,22.2760009765625,0.7183407904784143,479855
HY_SPRUCE9,34.89799499511719,14.678424835205078,7.378087043762207,10.10198974609375,15.535995483398438,19.972000122070312,25.748001098632812,0.7638930944905733,916729
JS_ALDER1,27.70800018310547,12.832578659057617,4.455467224121094,11.002002716064453,13.995002746582031,15.863998413085938,17.93500518798828,0.9694817166724572,771335
JS_BIRCH1,29.68899917602539,7.22495698928833,5.730607986450195,1.9720001220703125,7.118999481201172,9.939002990722656,20.158000946044922,0.6989736367297441,744312
JS_BIRCH2,33.211002349853516,20.098886489868164,9.19690227508545,19.062000274658203,23.493999481201172,26.137996673583984,28.845996856689453,0.8313602641013809,462366
JS_BIRCH3,27.349002838134766,2.6604599952697754,3.512711763381958,0.7340011596679688,1.8260002136230469,3.3290023803710938,6.194999694824219,0.2561543187537347,262560
JS_MIXED1,20.89200210571289,8.664593696594238,4.491949081420898,4.51300048828125,10.008003234863281,12.15500259399414,14.448001861572266,0.8522498063219314,530668
JS_MIXED2,40.09300231933594,24.55294418334961,9.68681526184082,18.250999450683594,28.446998596191406,31.65899658203125,34.77899932861328,0.9822659018669394,350036
JS_MIXED3,22.62099838256836,8.352330207824707,4.40838623046875,5.982002258300781,9.408000946044922,11.390998840332031,13.775997161865234,0.8392661731573865,689458
JS_MIXED4,28.114002227783203,3.646085739135742,3.362321138381958,0.98699951171875,2.977001190185547,5.472999572753906,8.998001098632812,0.5290898814824964,487589
JS_MIXED5,33.63299560546875,5.498546123504639,6.633986949920654,1.4360008239746094,3.197998046875,5.833000183105469,22.888099670410156,0.5594777579729809,394994
JS_PINE1,29.277999877929688,16.52106285095215,8.820975303649902,11.206001281738281,20.644996643066406,22.82599639892578,24.90599822998047,0.8093762335782599,495855
JS_PINE2,35.743003845214844,23.921367645263672,8.4150972366333,23.378997802734375,26.48999786376953,28.813003540039062,31.561853408813477,0.48326692466502486,351445
JS_SPRUCE1,33.36799621582031,19.086299896240234,6.884593963623047,16.258995056152344,20.71399688720703,23.784996032714844,27.375999450683594,0.9280544074875899,927431
JS_SPRUCE2,33.688995361328125,4.1276373863220215,7.127164363861084,0.5849990844726562,1.6779975891113281,3.173999786376953,24.777000427246094,0.20294883482983203,207575
LZ_ASH1,43.279998779296875,25.055843353271484,11.037739753723145,17.404998779296875,27.539993286132812,34.44499206542969,38.798004150390625,0.9700575189350158,148777
LZ_ASH2,38.701995849609375,22.624725341796875,10.459019660949707,16.50049591064453,26.336990356445312,30.729995727539062,34.266998291015625,0.9057825668516536,220520
LZ_HORNBEAM1,36.75799560546875,20.418781280517578,7.097812175750732,17.529998779296875,22.035003662109375,25.0260009765625,29.445999145507812,0.9789188913276504,163051
LZ_MIXED1,35.87184143066406,18.048851013183594,11.772197723388672,4.046348571777344,21.849853515625,28.363845825195312,32.089149475097656,0.7303880734208485,124604
LZ_MIXED2,39.1033935546875,23.06840705871582,9.265375137329102,18.867385864257812,25.6033935546875,29.976394653320312,33.68339538574219,0.9773892363252004,246901
LZ_MIXED3,39.51300048828125,20.30771827697754,11.038500785827637,10.572998046875,22.287994384765625,29.92999267578125,35.183990478515625,0.9465831067692733,223919
LZ_OAK1,35.78498840332031,13.255940437316895,6.042825222015381,11.766998291015625,14.224990844726562,15.771987915039062,23.767990112304688,0.9781516368776856,130260
LZ_OAK2,20.525009155273438,12.336971282958984,5.237277030944824,11.39801025390625,14.180007934570312,15.736007690429688,17.477996826171875,0.9125787024363536,123815
LZ_OAK3,35.602996826171875,22.820720672607422,8.048884391784668,18.649002075195312,24.880996704101562,28.991989135742188,32.13099670410156,0.9761924566316392,231904
LZ_OAK4,31.409500122070312,14.817193031311035,7.49384069442749,8.807510375976562,17.470504760742188,20.17449951171875,24.357513427734375,0.8717686066258727,135339
